Pasta and Sauce,Pasta,Tomatoes,Oil,Meat,Onion
Pancake Breakfast,Flour,Sugar,Eggs,Milk,Butter
Burgers,Ground beef,American Cheese,Bread,Tomatoes,Iceberg Lettuce
Mac and Cheese,Butter,Cheese,Milk ,Flour,Pasta
Chicken Noodle Soup,Carrots,Celery,Onions,Chicken Breast,Chicken Broth,Pasta
Grilled Chicken and Peach Salad,Chicken Breast,Peach,Lettuce,Onion,Oil
Chicken Stir Fry,Chicken Breast,Rice,Broccoli,Carrots,Onion
Hashbrown Breakfast,Potatoes,Butter,Eggs,Salt
Refried Beans ,Oil,Beans,Salt,Lime
Lasagna Flatbread,Pork,Egg,Tomatoes,Bread,Cheese
Mashed Potatoes,Potatoes,Butter,Milk,Salt
Baked Potatoes,Potatoes,Oil,Butter,Salt
Chicken Burrito Bowl,Oil,Chicken Breast,Onion,Beans,Tomatoes,Rice,Cheddar Cheese
